<?xml version="1.0" encoding="UTF-8"?><metadata>
<idinfo>
<citation>
<citeinfo>
<origin/>
<pubdate>20120713</pubdate>
<title>Metro Stations - Complete System (MetroStnFullPt)</title>
<geoform>vector digital data</geoform>
<pubinfo>
<publish>DC GIS</publish>
</pubinfo>
<onlink>http://dcatlas.dcgis.dc.gov/catalog/download.asp?downloadName=MetroStnFullPt&amp;downloadTYPE=ESRI</onlink>
<onlink>http://dcatlas.dcgis.dc.gov/catalog/download.asp?downloadName=MetroStnFullPt&amp;downloadTYPE=KMZ</onlink>
<lworkcit>
<citeinfo>
<title>DC Geographic Information System</title>
</citeinfo>
</lworkcit>
</citeinfo>
</citation>
<descript>
<abstract>Metro Stations (regional). The dataset contains points representing locations and attributes of Metro stations, created as part of the DC Geographic Information System (DC GIS) for the D.C. Office of the Chief Technology Officer (OCTO) and participating D.C. government agencies. Platform centroids were identified from visual observation of orthophotography and extracted planimetric data. Centroids were heads-up digitized from the snapbase. All DC GIS data is stored and exported in Maryland State Plane coordinates NAD 83 meters. METADATA CONTENT IS IN PROCESS OF VALIDATION AND SUBJECT TO CHANGE.</abstract>
<purpose>This data is used for the planning and management of Washington, D.C. by local government agencies.</purpose>
</descript>
<timeperd>
<timeinfo>
<sngdate>
<caldate>20120713</caldate>
</sngdate>
</timeinfo>
<current>publication date</current>
</timeperd>
<status>
<progress>Complete</progress>
<update>As needed</update>
</status>
<spdom>
<bounding>
<westbc>-77.176</westbc>
<eastbc>-76.896</eastbc>
<northbc>39.035</northbc>
<southbc>38.755</southbc>
</bounding>
</spdom>
<keywords>
<theme>
<themekt>None</themekt>
<themekey>Parapet</themekey>
<themekey>Bus Line</themekey>
<themekey>transitMetro</themekey>
<themekey>Conservation</themekey>
<themekey>Commute</themekey>
<themekey>Transit</themekey>
<themekey>Rail Transit</themekey>
<themekey>Subway</themekey>
<themekey>Metro</themekey>
<themekey>Bus Route</themekey>
<themekey>Public Transportation</themekey>
<themekey>Commuter</themekey>
<themekey>WMATA</themekey>
<themekey>Canopy</themekey>
<themekey>transportation</themekey>
<themekey>Mass Transit</themekey>
<themekey>location</themekey>
<themekey>Bus Stop</themekey>
<themekey>Washington Metropolitan Area Transit Authority</themekey>
</theme>
<theme>
<themekt>ISO 19115 Topic Categories</themekt>
<themekey>location</themekey>
<themekey>transportation</themekey>
</theme>
<place>
<placekt>None</placekt>
<placekey>Washington</placekey>
<placekey>D.C.</placekey>
<placekey>DCGIS</placekey>
<placekey>DC</placekey>
<placekey>DC GIS</placekey>
<placekey>District of Columbia</placekey>
</place>
</keywords>
<accconst>None</accconst>
<useconst>This work is licensed under a Creative Commons Attribution 4.0 International License.</useconst>
<ptcontac>
<cntinfo>
<cntorgp>
<cntorg>D.C. Office of the Chief Technology Officer</cntorg>
<cntper>GIS Data Coordinator</cntper>
</cntorgp>
<cntaddr>
<addrtype>mailing and physical</addrtype>
<address>441 4th St NW, Suite 930 South</address>
<city>Washington</city>
<state>DC</state>
<postal>20001</postal>
<country>US</country>
</cntaddr>
<cntfax>(202) 727-5660</cntfax>
<cntemail>dcgis@dc.gov</cntemail>
<hours>8:30 am - 5:00 pm</hours>
</cntinfo>
</ptcontac>
<datacred>Washington Metropolitan Area Transit Authority (WMATA)</datacred>
<native>Microsoft Windows XP Version 5.1 (Build 2600) Service Pack 3; ESRI ArcCatalog 9.3.1.4000</native>
</idinfo>
<dataqual>
<attracc>
<attraccr>Data believed to be complete and accurate, subject to change. Digital version compared with original source data for accuracy and completeness.</attraccr>
</attracc>
<logic>Not validated by source and/or responsible agency.</logic>
<complete>Data believed to be complete and accurate, subject to change. Digital version compared with original source data for accuracy and completeness. In process of validation by source and/or responsible agency.</complete>
<posacc>
<horizpa>
<horizpar>In process of validation by source and/or responsible agency.</horizpar>
</horizpa>
<vertacc>
<vertaccr>N/A</vertaccr>
</vertacc>
</posacc>
<lineage>
<srcinfo>
<srccite>
<citeinfo>
<title>WMATA website</title>
</citeinfo>
</srccite>
<typesrc>onLine</typesrc>
<srccitea>WMATA website</srccitea>
<srccontr>location and attributes</srccontr>
</srcinfo>
<srcinfo>
<srccite>
<citeinfo>
<title>MetroStnPt</title>
</citeinfo>
</srccite>
<srcscale>1000</srcscale>
<typesrc>None</typesrc>
<srccitea>MetroStnPt</srccitea>
<srccontr>initial geography</srccontr>
</srcinfo>
<procstep>
<procdesc>For the blue line extension, platform centroids were identified from visual observation of orthophotography and a centroid for each heads-up digitized from the 2003 orthophotographs. Also, using the more accurate metro lines from the WMATA Surveyor's office, staff moved the stations to better fit with the metro lines. Attribute data was provided by the WMATA website.</procdesc>
<proccont>
<cntinfo>
<cntorgp>
<cntorg>Office of the Chief Technology Officer</cntorg>
<cntper>GIS Data Coordinatro</cntper>
</cntorgp>
<cntaddr>
<addrtype>mailing and physical</addrtype>
<address>441 4th St NW, Suite 930 South</address>
<city>Washington</city>
<state>DC</state>
<postal>20001</postal>
<country>US</country>
</cntaddr>
<cntfax>202-727-5660</cntfax>
<cntemail>dcgis@dc.gov</cntemail>
<hours>8:30am - 5:30pm</hours>
</cntinfo>
</proccont>
</procstep>
<procstep>
<procdesc>Staff modified the layer to reflect the yellow line extension.</procdesc>
<proccont>
<cntinfo>
<cntorgp>
<cntorg>Office of the Chief Technology Officer</cntorg>
<cntper>GIS Data Coordinator</cntper>
</cntorgp>
<cntaddr>
<addrtype>mailing and physical</addrtype>
<address>441 4th St NW, Suite 930 South</address>
<city>Washington</city>
<state>DC</state>
<postal>20001</postal>
<country>US</country>
</cntaddr>
<cntfax>202-727-5660</cntfax>
<cntemail>dcgis@dc.gov</cntemail>
<hours>8:30am - 5:30pm</hours>
</cntinfo>
</proccont>
</procstep>
<procstep>
<procdesc>A LINE field was added. The field describe the color of the line each station is located on.</procdesc>
</procstep>
<procstep>
<procdesc>Added yellow and orange line rush plus information.</procdesc>
<proccont>
<cntinfo>
<cntorgp>
<cntorg>OCTO</cntorg>
</cntorgp>
<cntaddr>
<addrtype>unknown</addrtype>
<country>AF</country>
</cntaddr>
</cntinfo>
</proccont>
</procstep>
<procstep>
<procdesc>An ADDRESS field was added and populated using data from WMATA's website.</procdesc>
</procstep>
<procstep>
<procdesc>Platform centroids were identified from visual observation of orthophotography and extracted planimetric data and a centroid for each heads-up digitized from the 1995 orthophotographs. Attribute data was provided by the WMATA website. Planimetrics were created at a scale of 1:1,000. This means that a well defined feature falls within two feet of true position. All DC GIS data is stored and exported in Maryland State Plane coordinates NAD 83 meters.</procdesc>
<procdate>20010806</procdate>
<proccont>
<cntinfo>
<cntorgp>
<cntorg>D.C. Office of the Chief Technology Officer</cntorg>
<cntper>GIS Data Coordinator</cntper>
</cntorgp>
<cntaddr>
<addrtype>mailing and physical</addrtype>
<address>441 4th St NW, Suite 930 South</address>
<city>Washington</city>
<state>DC</state>
<postal>20001</postal>
<country>US</country>
</cntaddr>
<cntfax>(202) 727-5660</cntfax>
<cntemail>dcgis@dc.gov</cntemail>
<hours>8:30 am - 5:00 pm</hours>
</cntinfo>
</proccont>
</procstep>
</lineage>
</dataqual>
<spdoinfo>
<direct>Vector</direct>
<ptvctinf>
<sdtsterm>
<sdtstype>Entity point</sdtstype>
<ptvctcnt>0</ptvctcnt>
</sdtsterm>
<sdtsterm>
<sdtstype>Entity point</sdtstype>
<ptvctcnt>0</ptvctcnt>
</sdtsterm>
</ptvctinf>
</spdoinfo>
<eainfo>
<detailed>
<enttyp>
<enttypl>DCGIS.MetroStnFullPt</enttypl>
</enttyp>
<attr>
<attrlabl>OBJECTID</attrlabl>
<attrdef>Internal feature number.</attrdef>
<attrdefs>ESRI</attrdefs>
<attrdomv>
					<udom>Sequential unique whole numbers that are automatically generated.</udom>
				</attrdomv>
</attr>
<attr>
<attrlabl>NAME</attrlabl>
<attrdef>Feature Name</attrdef>
</attr>
<attr>
<attrlabl>Shape</attrlabl>
<attrdef>Feature geometry.</attrdef>
<attrdefs>ESRI</attrdefs>
<attrdomv>
					<udom>Coordinates defining the features.</udom>
				</attrdomv>
</attr>
<attr>
<attrlabl>OBJECTID_12</attrlabl>
<attrdef>Internal feature number.</attrdef>
<attrdefs>ESRI</attrdefs>
<attrdomv>
					<udom>Sequential unique whole numbers that are automatically generated.</udom>
				</attrdomv>
</attr>
<attr>
<attrlabl>LINE</attrlabl>
<attrdef>Color of Metro Line</attrdef>
</attr>
<attr>
<attrlabl>SHAPE</attrlabl>
<attrdef>Feature geometry.</attrdef>
<attrdefs>ESRI</attrdefs>
<attrdomv>
					<udom>Coordinates defining the features.</udom>
				</attrdomv>
</attr>
<attr>
<attrlabl>OBJECTID_1</attrlabl>
<attrdef>Internal feature number.</attrdef>
<attrdefs>ESRI</attrdefs>
<attrdomv>
					<udom>Sequential unique whole numbers that are automatically generated.</udom>
				</attrdomv>
</attr>
<attr>
<attrlabl>ADDRESS</attrlabl>
<attrdef>Street Address of Metro Station</attrdef>
</attr>
<attr>
<attrlabl>GIS_ID</attrlabl>
<attrdef>OCTO GIS sequential identifier</attrdef>
</attr>
<attr>
<attrlabl>WEB_URL</attrlabl>
<attrdef>web url link</attrdef>
</attr>
</detailed>
</eainfo>
<distinfo>
<distrib>
<cntinfo>
<cntorgp>
<cntorg>D.C. Office of the Chief Technology Officer</cntorg>
<cntper>GIS Data Coordinator</cntper>
</cntorgp>
<cntaddr>
<addrtype>mailing and physical</addrtype>
<address>441 4th St NW, Suite 930 South</address>
<city>Washington</city>
<state>DC</state>
<postal>20001</postal>
<country>US</country>
</cntaddr>
<cntfax>(202) 727-5660</cntfax>
<cntemail>dcgis@dc.gov</cntemail>
<hours>8:30 am - 5:00 pm</hours>
<cntinst>dcgis@dc.gov</cntinst>
</cntinfo>
</distrib>
<distliab>Acknowledgment of the DC Geographic Information Systems Program (DC GIS). The District of Columbia Government makes no claims as to the completeness, accuracy or content of any data contained hereon, and makes no representation of any kind, including, but not limited to, the warranty of the accuracy or fitness for a particular use, nor are any such warranties to be implied or inferred with respect to the information or data furnished herein.</distliab>
<custom>Most DC GIS datasets can be downloaded from "http://dcgis.dc.gov" on the data center page. Orders can also be made by contacting OCTO GIS at "dcgis@dc.gov", especially for datasets not available for download.</custom>
</distinfo>
<metainfo>
<metd>20120727</metd>
<metrd>01/07/04</metrd>
<metc>
<cntinfo>
<cntorgp>
<cntorg>D.C. Office of the Chief Technology Officer</cntorg>
<cntper>GIS Data Coordinator</cntper>
</cntorgp>
<cntaddr>
<addrtype>mailing and physical</addrtype>
<address>441 4th St NW, Suite 930 South</address>
<city>Washington</city>
<state>DC</state>
<postal>20001</postal>
<country>US</country>
</cntaddr>
<cntvoice>REQUIRED: The telephone number by which individuals can speak to the organization or individual.</cntvoice>
<cntfax>(202) 727-5660</cntfax>
<cntemail>dcgis@dc.gov</cntemail>
<hours>8:30 am - 5:00 pm</hours>
<cntinst>email</cntinst>
</cntinfo>
</metc>
<metstdn>FGDC Content Standard for Digital Geospatial Metadata</metstdn>
<metstdv>FGDC-STD-001-1998</metstdv>
<mettc>local time</mettc>
</metainfo>
</metadata>
